t,ax,ay,az,gx,gy,gz
0.000000,-0.029753,0.042941,-0.107438,-0.016273,0.011502,0.002521
0.010000,-0.012567,-0.010420,-0.023518,0.010703,-0.010266,0.002734
0.020000,-0.031763,-0.009225,0.052327,0.006935,-0.000889,-0.011535
0.030000,0.029867,-0.038646,-0.039014,-0.017449,0.007061,0.005767
0.040000,-0.057493,0.047391,-0.033074,-0.006936,0.008118,-0.005606
0.050000,-0.064784,0.000850,0.010075,-0.009901,0.004201,-0.017430
0.060000,-0.018092,0.001480,-0.012769,0.002019,-0.016981,-0.011727
0.070000,0.021041,0.009201,-0.036403,-0.003901,0.006971,-0.020509
0.080000,0.028010,-0.047109,-0.058094,0.007256,0.011798,0.002381
0.090000,0.004000,0.014467,0.038522,-0.001816,-0.000302,-0.014409
0.100000,0.088217,-0.095974,-0.033620,-0.000563,0.003047,0.036674
0.110000,0.001952,0.080249,-0.024063,0.012805,-0.001698,-0.010052
0.120000,-0.086330,-0.058995,-0.014367,0.003358,-0.000617,0.003605
0.130000,0.015237,0.105799,-0.037083,-0.010442,-0.016691,0.003834
0.140000,0.022324,0.047580,-0.033160,-0.004930,-0.000221,-0.010879
0.150000,0.078908,-0.033757,-0.056539,0.010894,-0.012897,0.008364
0.160000,0.072284,-0.007089,-0.060929,-0.000697,-0.002427,0.001615
0.170000,-0.026813,-0.040799,-0.032764,-0.002213,-0.003168,-0.000396
0.180000,0.003895,-0.022338,0.097957,-0.005052,0.003015,0.012848
0.190000,-0.023033,-0.012690,0.068921,0.025252,0.009989,0.006728
0.200000,0.057150,0.032506,-0.025103,-0.020811,-0.001557,-0.006818
0.210000,0.067006,-0.024459,-0.058306,-0.015337,0.010286,-0.016589
0.220000,-0.034950,0.034856,-0.018237,-0.008231,-0.017494,-0.001410
0.230000,0.004942,-0.054161,0.036070,0.011368,-0.012238,-0.005325
0.240000,-0.042034,-0.049271,-0.015686,0.008010,0.012579,0.000163
0.250000,-0.070276,-0.051222,-0.048616,-0.012401,-0.003205,-0.004266
0.260000,0.006461,-0.040671,0.009908,-0.006068,-0.013214,0.007165
0.270000,-0.013112,-0.028669,0.056680,-0.003474,-0.018235,0.005743
0.280000,-0.087385,0.025694,-0.061821,0.016719,0.002763,-0.010260
0.290000,-0.045838,-0.026689,-0.016561,0.021117,-0.000287,0.007695
0.300000,-0.007818,0.000084,-0.030769,-0.003921,-0.006541,0.007286
0.310000,-0.124352,-0.041947,0.036103,-0.009700,-0.004359,-0.001206
0.320000,0.022423,0.023948,-0.018139,0.012676,-0.014089,0.010604
0.330000,0.018297,-0.029305,-0.024452,0.007721,0.005855,0.006978
0.340000,-0.035236,0.042100,-0.135245,-0.011308,-0.014048,-0.018178
0.350000,-0.000220,-0.000248,0.003854,-0.003930,0.003015,-0.009923
0.360000,-0.010507,0.055373,-0.004368,0.005678,-0.001740,-0.000086
0.370000,-0.017036,0.026147,-0.085897,0.006028,-0.000013,-0.011972
0.380000,-0.042793,0.046376,0.007511,0.015486,0.005328,-0.011268
0.390000,-0.076325,0.124769,-0.014538,-0.002260,0.001593,-0.012062
0.400000,-0.044562,-0.077874,0.061428,0.007691,-0.011303,0.016892
0.410000,-0.053076,-0.025631,0.010235,0.009255,-0.006905,-0.010760
0.420000,-0.106586,0.034798,-0.051094,0.001319,-0.014081,-0.001831
0.430000,0.047734,0.008056,0.051028,-0.000307,0.003657,0.009712
0.440000,0.004157,0.045268,0.016786,0.008367,0.009552,0.003675
0.450000,-0.008936,0.011079,-0.154441,0.001499,-0.006700,-0.019813
0.460000,-0.033109,0.053185,-0.069819,0.001329,-0.012250,0.001070
0.470000,-0.035062,-0.081789,-0.094515,-0.022657,-0.012237,-0.007684
0.480000,-0.025436,0.014420,-0.020397,0.031558,-0.007534,-0.004458
0.490000,-0.069554,-0.065846,-0.055260,0.000504,0.007805,-0.007349
0.500000,-0.021946,-0.054747,0.047737,-0.019636,-0.015656,-0.003452
0.510000,-0.042931,-0.031601,0.019251,0.015142,-0.010175,0.007663
0.520000,-0.108918,0.068547,0.034210,-0.005155,-0.002040,-0.011636
0.530000,0.032842,-0.044191,-0.050364,0.003721,0.005662,-0.016919
0.540000,-0.037696,-0.026641,0.056196,-0.008413,-0.001282,0.005121
0.550000,-0.104621,0.058115,-0.017730,0.023692,-0.006674,-0.026905
0.560000,0.046800,0.012272,0.025023,-0.005914,0.003420,0.004739
0.570000,0.040740,-0.012937,-0.054401,-0.002121,-0.010839,0.003636
0.580000,-0.052175,0.041252,0.070258,0.000910,0.002353,-0.007388
0.590000,-0.043271,0.048922,0.041576,0.008435,0.001872,-0.001078
0.600000,-0.082188,0.039770,-0.036472,0.010369,-0.003570,0.008840
0.610000,0.069218,0.006036,0.119095,-0.005791,-0.011442,-0.000206
0.620000,-0.006951,-0.036150,0.021742,-0.020577,0.003429,0.010288
0.630000,0.033930,0.024045,-0.023292,0.024139,0.010215,0.018037
0.640000,0.034593,-0.063007,-0.117727,0.002985,0.013965,0.001889
0.650000,0.013955,0.107496,0.026757,0.014181,-0.021609,-0.011146
0.660000,-0.042688,-0.020120,-0.003852,-0.003724,0.008820,0.007236
0.670000,-0.049266,-0.053430,0.014879,-0.009407,-0.014176,-0.001321
0.680000,0.017642,-0.050539,-0.072781,-0.004710,-0.004059,-0.002772
0.690000,-0.015161,-0.026025,0.027058,-0.002328,0.009673,0.008969
0.700000,-0.042543,0.011053,0.015222,-0.004397,-0.003880,0.007956
0.710000,0.034197,-0.009464,-0.039721,0.002726,0.009294,0.005016
0.720000,-0.020425,-0.014984,0.093840,-0.000309,0.002037,-0.018944
0.730000,-0.032021,0.089012,-0.003153,-0.006275,0.014732,0.010418
0.740000,-0.025531,-0.039099,-0.059624,-0.002539,-0.011106,0.006580
0.750000,-0.014941,-0.009188,-0.005248,-0.019351,0.004791,0.000498
0.760000,0.104585,0.063205,-0.001463,-0.002733,0.010569,0.009040
0.770000,-0.026318,-0.076590,0.007127,0.007715,0.015576,-0.005544
0.780000,0.043502,0.059356,-0.033988,-0.005350,0.000665,0.018048
0.790000,-0.073835,-0.005639,0.017993,-0.016443,-0.005293,-0.006181
0.800000,-0.022594,0.017547,-0.011794,0.004958,-0.011443,0.000670
0.810000,0.001722,0.005750,-0.009697,0.017122,-0.012360,-0.008625
0.820000,-0.070170,0.054490,-0.035738,0.001267,0.009164,0.001895
0.830000,-0.122874,-0.012350,0.011538,0.009584,0.009443,-0.011337
0.840000,0.040171,0.002998,-0.003428,-0.001417,-0.020051,0.005276
0.850000,0.000259,-0.042614,-0.024485,0.021303,-0.005899,-0.003155
0.860000,0.036539,-0.032667,-0.000180,-0.007031,0.014904,0.006434
0.870000,-0.028480,-0.038741,-0.016384,-0.002968,-0.013726,-0.002801
0.880000,-0.015587,-0.014050,0.006823,-0.010627,-0.001042,0.001444
0.890000,-0.102375,-0.027961,0.020664,-0.008605,-0.003901,0.009833
0.900000,0.062674,-0.067073,-0.061872,-0.006321,0.015837,0.005216
0.910000,0.003730,0.043595,-0.045287,0.003493,0.004768,-0.022259
0.920000,-0.097887,0.004583,-0.050273,0.009397,0.011730,0.005483
0.930000,0.071702,-0.013297,-0.065860,-0.013869,0.004579,-0.010325
0.940000,-0.052009,-0.000285,-0.024342,0.007135,0.006129,-0.003651
0.950000,-0.002617,0.138452,-0.060015,0.002529,0.003069,0.012815
0.960000,0.029999,0.058546,0.051968,0.004897,-0.009661,-0.017571
0.970000,-0.058029,-0.002422,-0.079724,0.013832,-0.013103,-0.011523
0.980000,0.031681,-0.030825,0.008832,-0.004542,-0.004367,-0.015698
0.990000,0.060852,0.004337,0.003466,0.000666,-0.012422,0.003963
1.000000,-0.018620,0.055343,-0.034975,0.004932,0.011043,0.004592
1.010000,0.014096,0.021686,0.030793,0.006500,-0.014761,-0.008224
1.020000,0.008851,-0.056595,-0.006679,-0.001525,0.008594,-0.000485
1.030000,-0.089650,-0.018873,0.025882,-0.002730,0.005855,-0.019168
1.040000,0.043471,-0.037965,0.096434,-0.010226,0.001779,0.000343
1.050000,-0.083062,0.017377,0.022316,0.004721,0.002651,0.003973
1.060000,0.023201,0.014337,-0.001316,-0.005816,0.013342,-0.010570
1.070000,0.079264,-0.057236,-0.021524,-0.002390,0.000322,0.006373
1.080000,0.000692,-0.012193,-0.051671,-0.009320,-0.000838,0.010414
1.090000,0.025390,0.007582,0.079152,-0.000050,0.001650,-0.003830
1.100000,0.035866,0.049489,0.047565,0.000022,-0.000292,0.004107
1.110000,-0.055272,-0.021001,-0.019555,-0.012328,-0.001376,0.001398
1.120000,0.052137,0.005098,-0.001641,0.008000,0.006688,0.013958
1.130000,-0.005044,0.051883,-0.051269,0.000230,-0.013024,-0.000743
1.140000,0.000427,0.073129,0.024247,-0.016200,-0.016273,-0.006363
1.150000,-0.019843,0.012517,-0.073709,0.002339,-0.010724,0.013304
1.160000,-0.034627,-0.016801,-0.056170,0.002212,0.012397,0.017393
1.170000,0.032842,-0.059891,0.058232,0.009865,-0.004811,-0.010509
1.180000,0.025702,-0.033761,-0.026654,-0.009470,0.001373,-0.004420
1.190000,-0.001568,0.043753,-0.004503,-0.010371,0.005921,0.005093
1.200000,0.048811,-0.001712,0.030990,-0.009224,-0.005590,-0.014747
1.210000,0.071198,0.009637,-0.053704,0.000827,-0.004575,0.009793
1.220000,-0.010644,0.095714,-0.026523,-0.000204,-0.007708,0.000065
1.230000,-0.092633,-0.048529,-0.012951,-0.003091,-0.007773,-0.001683
1.240000,0.023035,0.055972,-0.041753,-0.013480,0.001189,0.001952
1.250000,0.065255,0.034713,0.051782,0.010383,0.001353,-0.010202
1.260000,0.048046,-0.020224,0.088851,-0.030993,-0.011307,0.002957
1.270000,0.064468,0.003673,0.069406,0.011963,0.000730,-0.008448
1.280000,0.130676,0.049032,-0.096381,0.002191,-0.024367,0.000207
1.290000,-0.081062,0.014559,-0.045078,0.005823,-0.008030,0.009682
1.300000,-0.036103,0.012201,-0.018289,0.014036,0.005588,0.003702
1.310000,0.043319,0.049625,-0.050979,-0.034798,0.002996,0.009637
1.320000,0.014635,-0.024215,0.036616,-0.001249,0.008146,0.001389
1.330000,-0.010325,0.047143,-0.003374,0.000435,0.004821,-0.001882
1.340000,0.078935,0.013438,-0.076324,-0.007654,-0.002543,-0.003534
1.350000,0.028330,-0.014986,-0.101149,0.003804,-0.008944,0.011613
1.360000,-0.016250,0.027628,0.038841,0.003228,0.011980,-0.002524
1.370000,0.033358,-0.000960,-0.018496,-0.013249,-0.012316,-0.006488
1.380000,-0.045267,0.042041,0.035127,-0.010598,-0.015680,0.001868
1.390000,-0.029501,0.073757,0.045407,0.003377,-0.002249,0.014027
1.400000,0.046055,-0.001036,0.100532,-0.000279,-0.003295,-0.002967
1.410000,-0.040441,-0.106402,0.045564,0.007496,-0.013634,-0.018337
1.420000,0.048310,0.042747,0.062308,0.002124,0.002112,0.005911
1.430000,0.058076,0.060695,0.020015,-0.000259,0.017594,0.008242
1.440000,0.020049,0.007750,0.054493,-0.023008,-0.013720,-0.018682
1.450000,-0.034043,-0.006232,-0.052190,0.000781,0.001908,0.017092
1.460000,0.033013,0.082608,-0.040224,-0.007393,-0.008979,0.002530
1.470000,-0.081618,-0.002687,0.015918,-0.010306,-0.002544,0.009233
1.480000,-0.007643,-0.059755,0.055319,0.007766,0.010646,-0.013057
1.490000,0.017006,0.090324,0.048828,0.005578,0.000095,0.023684
1.500000,-0.041956,0.024172,0.029879,0.007195,0.000079,0.010287
1.510000,0.081784,-0.028591,-0.062290,0.005827,0.007613,0.005122
1.520000,0.001798,-0.009724,-0.011053,-0.003750,-0.003837,0.007041
1.530000,0.016825,-0.140291,-0.056459,-0.006193,0.001814,0.005114
1.540000,0.006289,-0.004091,0.100191,-0.005627,0.004569,0.000386
1.550000,0.000592,-0.067749,-0.034691,-0.003709,0.007821,-0.012491
1.560000,0.049634,-0.012642,-0.101664,-0.012548,0.000561,-0.011116
1.570000,0.033335,0.057324,-0.005340,0.012998,-0.003221,-0.013844
1.580000,-0.027402,0.042562,-0.099635,-0.001486,0.017911,-0.008727
1.590000,0.037867,0.002043,0.044203,-0.006098,0.005654,0.014144
1.600000,-0.056556,-0.002897,0.048671,-0.009886,-0.007500,-0.015414
1.610000,0.027464,-0.124704,0.042684,-0.000114,0.002529,0.009173
1.620000,0.053312,0.021134,0.003563,0.004332,0.001105,0.002657
1.630000,0.050301,0.006234,-0.088872,0.006030,-0.011765,0.002601
1.640000,-0.036711,0.077407,-0.011782,-0.016557,0.011476,0.018094
1.650000,0.011636,-0.083474,0.027085,-0.005778,0.003216,0.008154
1.660000,0.030189,0.114310,0.040343,0.015633,-0.001247,-0.006977
1.670000,0.048371,-0.090952,-0.027899,0.004763,0.013268,0.000846
1.680000,0.105861,0.045255,0.024191,0.013574,0.010168,0.007421
1.690000,0.091508,-0.041908,0.019357,-0.000241,-0.002385,0.017238
1.700000,0.024676,-0.006396,-0.070852,-0.008673,0.005205,0.004498
1.710000,0.074976,0.004934,0.022462,0.003505,-0.010801,0.000799
1.720000,-0.034136,-0.035983,-0.016501,-0.005290,0.009353,0.002571
1.730000,-0.011323,0.056097,0.019346,0.014870,0.014398,-0.003939
1.740000,-0.049391,-0.075057,0.046980,0.014399,-0.006128,0.013381
1.750000,0.052289,-0.015237,-0.031380,-0.011709,0.014911,-0.007023
1.760000,0.002726,0.002970,0.014056,-0.003351,-0.001695,-0.005929
1.770000,0.053502,0.049464,0.043407,0.013653,-0.017032,0.005153
1.780000,-0.050767,0.026376,0.016808,0.006050,-0.010450,-0.004489
1.790000,-0.063961,-0.018668,0.024855,-0.009947,-0.003196,0.009093
1.800000,-0.070774,-0.029671,0.004691,-0.003782,0.002876,-0.001015
1.810000,-0.021040,0.054070,0.036975,0.020082,0.001308,-0.008571
1.820000,-0.065331,-0.043081,0.057091,0.002407,0.006984,-0.005397
1.830000,0.028518,-0.144181,0.071290,0.012901,-0.016186,-0.004261
1.840000,0.000751,-0.001862,-0.044252,0.000208,0.009791,0.014127
1.850000,0.063150,0.026008,-0.006768,0.013888,0.001613,0.011332
1.860000,-0.137044,-0.024391,-0.054444,0.006658,0.001306,-0.004989
1.870000,-0.019568,-0.044275,0.040003,0.002352,0.012663,0.000879
1.880000,0.077429,-0.003677,-0.057868,-0.003791,0.011573,-0.004390
1.890000,-0.017847,-0.022055,0.078741,0.005586,0.003902,0.009053
1.900000,0.002112,0.072531,-0.070807,0.008068,0.006655,-0.003232
1.910000,0.000153,-0.052008,-0.006286,-0.005146,0.003253,0.002391
1.920000,0.025121,-0.075307,-0.027314,0.024760,0.003583,0.000943
1.930000,-0.009555,0.009266,-0.077525,-0.005617,-0.010149,-0.015033
1.940000,0.020477,0.022232,0.049726,-0.010684,-0.002850,0.009709
1.950000,-0.079651,-0.016032,-0.000958,0.004250,-0.009757,-0.006020
1.960000,0.009389,0.003410,-0.027912,-0.001064,-0.003403,-0.008503
1.970000,0.004911,0.143024,0.028348,-0.024586,-0.010600,-0.010053
1.980000,-0.077390,0.075975,0.082807,0.011435,0.014000,-0.018737
1.990000,0.041376,0.064722,0.116843,0.007555,0.012204,-0.007676
2.000000,0.014285,0.052948,0.076104,-0.016250,0.016420,-0.001870
2.010000,-0.038430,0.075374,0.010053,0.012764,0.000855,0.014744
2.020000,0.048383,0.046020,-0.033678,0.004634,-0.003592,-0.004813
2.030000,0.068200,-0.021668,0.013888,-0.005791,-0.002010,-0.000667
2.040000,0.041636,0.028640,-0.028325,0.003686,-0.003934,0.017596
2.050000,-0.064075,-0.041274,0.036161,0.016172,0.002884,0.018544
2.060000,0.026832,-0.009868,-0.011548,0.014641,-0.002898,0.004834
2.070000,-0.015492,-0.054530,0.045808,-0.000482,0.014552,-0.008532
2.080000,-0.055293,0.006198,0.063648,-0.014057,-0.000074,-0.008409
2.090000,-0.001807,0.079163,-0.053403,-0.008135,-0.001684,-0.004308
2.100000,-0.066398,-0.115101,0.037767,-0.002799,-0.001980,0.002886
2.110000,-0.098570,0.079490,0.086682,-0.006414,-0.005476,0.008875
2.120000,0.013338,-0.040453,-0.092825,0.011926,0.018022,0.000502
2.130000,0.019943,-0.000833,0.011658,0.011409,-0.002959,0.004758
2.140000,0.026790,-0.054716,-0.010901,0.001128,0.017530,-0.006115
2.150000,0.007551,0.113962,0.039221,-0.008106,0.000550,-0.019225
2.160000,0.007478,-0.050646,0.063964,0.000772,-0.024437,-0.008701
2.170000,0.084608,-0.075317,-0.092348,-0.000023,-0.016456,0.002580
2.180000,0.003060,-0.009581,0.070922,-0.021801,-0.000712,0.007379
2.190000,-0.056471,-0.047222,-0.076415,0.011688,0.015307,-0.008797
2.200000,-0.050076,0.008145,-0.076099,-0.004059,-0.006923,0.008561
2.210000,0.161870,-0.125996,-0.027317,0.002078,-0.000107,-0.000627
2.220000,0.011539,0.064049,-0.050856,0.005684,-0.008552,0.007927
2.230000,-0.092310,-0.051408,0.091660,0.003298,0.010461,-0.003588
2.240000,-0.102148,0.052201,0.014255,0.000516,0.010963,-0.011519
2.250000,0.019984,0.059959,-0.037328,0.012161,-0.002585,0.007831
2.260000,0.048879,0.007886,-0.065760,0.008136,-0.001775,0.000336
2.270000,-0.004676,-0.002176,-0.122553,-0.013522,-0.017911,0.001070
2.280000,-0.049047,0.024341,0.007304,0.011755,-0.001782,-0.020782
2.290000,0.052543,0.064321,-0.044646,-0.004731,-0.004968,-0.003538
2.300000,-0.036899,-0.078744,0.025493,-0.010218,-0.007249,-0.014962
2.310000,-0.027356,0.058335,0.051854,0.020575,0.016736,-0.009589
2.320000,0.024587,-0.022028,0.054624,0.000493,-0.005966,-0.001574
2.330000,-0.000122,0.012001,-0.096750,0.003982,0.001909,0.009825
2.340000,0.018947,0.002156,-0.005778,-0.005104,0.000130,-0.024719
2.350000,-0.029346,-0.077236,-0.003007,0.001601,-0.020868,-0.012650
2.360000,-0.108397,-0.011694,-0.028402,0.012715,0.012837,-0.010063
2.370000,0.065476,0.093469,-0.076221,0.017160,0.007247,0.004803
2.380000,0.039087,-0.033478,-0.023943,-0.011609,0.018202,0.007300
2.390000,-0.024828,0.064788,-0.005948,-0.007936,-0.023210,-0.011640
2.400000,0.020924,-0.083744,-0.057476,0.001574,-0.002136,0.014964
2.410000,-0.027920,-0.000110,0.033417,-0.010685,0.003071,0.010473
2.420000,-0.029454,0.069908,-0.013901,-0.013165,0.006113,-0.000157
2.430000,-0.034712,0.042924,0.035246,-0.005505,-0.021956,0.004548
2.440000,-0.090033,0.079117,-0.027436,-0.006744,-0.003806,0.014012
2.450000,-0.011107,-0.044265,-0.021826,-0.000314,0.002431,0.019513
2.460000,-0.086175,0.014349,-0.032210,0.001692,-0.007967,0.012677
2.470000,-0.016127,0.048665,0.022037,0.000702,-0.005141,-0.008973
2.480000,-0.000987,0.097583,-0.059351,-0.002863,0.009489,-0.005586
2.490000,0.002493,0.062681,0.075396,0.001676,-0.008403,0.014242
2.500000,-0.074842,-0.037554,0.056076,-0.013776,-0.009807,-0.006598
2.510000,-0.024142,0.002086,-0.025037,-0.013611,0.005262,0.006814
2.520000,-0.001378,-0.173711,-0.019843,0.006457,0.006882,-0.014876
2.530000,-0.003628,-0.022988,0.005372,0.002574,0.013777,-0.003400
2.540000,-0.066550,0.013494,0.082428,0.010776,-0.001587,-0.001243
2.550000,0.064586,0.035181,0.013088,-0.012083,-0.004770,0.012835
2.560000,-0.035641,-0.024782,0.043198,-0.006375,0.018956,-0.001639
2.570000,-0.007256,0.105660,-0.087375,0.013492,0.000103,-0.023137
2.580000,-0.010467,-0.028072,0.038761,-0.007264,-0.007220,-0.006898
2.590000,0.049453,-0.064375,-0.067088,-0.012552,-0.009871,0.006098
2.600000,-0.038685,0.027458,0.021836,0.026270,0.002042,-0.003494
2.610000,-0.081559,0.014689,0.007917,-0.024717,0.019796,0.010655
2.620000,-0.002938,0.029430,0.011363,-0.004568,0.003104,-0.004722
2.630000,0.004045,0.058318,0.076425,-0.011764,-0.003970,0.008582
2.640000,-0.020499,-0.003186,0.033601,0.003651,-0.002175,0.006517
2.650000,-0.009426,0.034808,0.006467,-0.003224,0.012435,-0.010492
2.660000,0.038813,0.033556,-0.004201,-0.003599,0.007940,0.007192
2.670000,0.044837,0.035604,0.115934,-0.006741,-0.008745,0.005127
2.680000,-0.091820,0.033304,0.052149,0.014332,0.009017,-0.011822
2.690000,0.111368,-0.025743,0.005556,-0.006731,-0.010861,0.014165
2.700000,-0.023030,0.088873,-0.038484,-0.000614,-0.003067,0.002741
2.710000,-0.024494,-0.072750,-0.139751,0.004730,-0.003932,0.002820
2.720000,0.000340,-0.005111,-0.011540,0.001008,0.016411,0.000352
2.730000,0.030518,0.038446,-0.034337,0.004035,-0.006306,-0.006174
2.740000,0.003132,-0.005828,0.000171,0.004608,-0.009118,0.003334
2.750000,0.074717,0.020625,0.051808,-0.002399,0.006139,-0.019561
2.760000,-0.010296,-0.056858,0.053596,0.014439,-0.016496,0.017923
2.770000,0.036539,-0.023748,-0.009081,0.000767,0.005141,-0.000444
2.780000,0.027353,0.018102,-0.006315,0.000808,-0.009530,0.006232
2.790000,-0.054710,0.095520,-0.000396,0.004450,0.004249,0.014968
2.800000,0.057480,-0.122482,-0.061743,-0.014007,0.000820,-0.014881
2.810000,0.055155,-0.009294,0.052699,0.011683,0.007321,-0.002358
2.820000,-0.029530,-0.006617,-0.038012,0.008888,0.005001,-0.014850
2.830000,0.048910,-0.016606,0.041557,0.006569,-0.008551,0.001581
2.840000,0.075405,-0.010076,-0.004644,0.009406,0.000488,-0.000652
2.850000,-0.025801,0.099262,-0.005380,0.014216,0.001770,-0.002577
2.860000,-0.011759,-0.055631,-0.027765,-0.015822,0.000248,0.006992
2.870000,-0.022049,0.054785,-0.014948,0.014946,-0.015634,0.004490
2.880000,-0.017968,0.038254,0.001432,0.006892,-0.004229,0.016597
2.890000,-0.054301,0.077610,-0.027588,-0.008385,0.018321,0.001390
2.900000,0.014199,0.022428,-0.110151,0.007706,-0.004066,-0.015342
2.910000,-0.016322,-0.029472,-0.059378,-0.001031,0.006473,-0.005416
2.920000,-0.006050,0.005787,0.026936,-0.002804,0.000830,-0.015186
2.930000,0.005519,-0.002423,0.080030,-0.002841,0.002101,-0.005296
2.940000,-0.017529,-0.083965,-0.040696,0.012406,0.002264,-0.021325
2.950000,0.056234,-0.010111,-0.043877,-0.005115,-0.006939,-0.008566
2.960000,0.036050,0.077927,-0.009276,0.015369,0.006243,-0.003808
2.970000,0.032523,0.073858,0.104274,-0.004703,-0.003180,-0.005844
2.980000,0.028440,-0.002266,-0.002892,-0.006976,0.005056,-0.020639
2.990000,-0.108628,-0.063588,0.025403,0.005189,-0.015250,0.005114
3.000000,0.131371,-0.028023,-0.010783,0.010660,-0.010416,-0.007308
3.010000,0.021238,0.078854,-0.041127,0.009750,-0.003134,-0.007816
3.020000,-0.021864,0.001697,0.008181,-0.007241,0.024165,-0.004963
3.030000,0.011164,0.020540,0.030640,0.005066,0.006508,0.015643
3.040000,0.018569,0.001861,-0.066901,0.019319,-0.018811,0.014515
3.050000,-0.063049,-0.035153,0.058826,0.001404,-0.010274,0.009788
3.060000,0.073257,-0.064764,0.049662,-0.009022,0.012945,-0.003811
3.070000,-0.076231,0.033288,-0.019674,0.010768,0.007420,-0.012079
3.080000,-0.104360,-0.047936,-0.026860,-0.014095,0.001686,-0.004860
3.090000,0.024769,0.000472,-0.003321,0.006624,-0.002337,-0.008682
3.100000,-0.011493,0.052218,-0.047480,0.003464,-0.020740,-0.013281
3.110000,0.028940,0.122288,0.029539,-0.010367,-0.023964,0.003630
3.120000,0.027752,-0.030585,0.104341,-0.008546,0.002354,0.007463
3.130000,-0.037498,-0.001955,-0.106973,0.012675,0.007980,-0.016021
3.140000,-0.030657,0.039765,-0.004881,-0.009027,-0.017380,-0.009175
3.150000,0.054302,0.012045,0.026299,0.014657,0.002981,0.009948
3.160000,0.051574,-0.077517,0.043686,-0.013359,-0.002062,0.005974
3.170000,-0.017082,-0.022663,-0.052469,-0.010077,-0.002238,0.009453
3.180000,0.023950,0.007978,0.043502,0.010011,0.005286,-0.000393
3.190000,-0.075924,0.053874,0.026660,0.001098,-0.011168,0.018789
3.200000,-0.043102,0.051295,0.020505,-0.012870,0.012956,-0.019256
3.210000,-0.063019,0.009298,-0.125703,-0.002731,0.003771,-0.007302
3.220000,0.034613,-0.032861,-0.082815,-0.015039,-0.008254,-0.002508
3.230000,-0.117951,0.015344,-0.006528,0.001659,-0.001224,0.001239
3.240000,-0.016499,0.012501,0.000581,0.003323,0.006697,-0.004626
3.250000,0.036935,-0.000619,-0.023710,0.003391,-0.011767,-0.016106
3.260000,-0.022832,0.010749,0.023098,-0.004663,0.031051,-0.000135
3.270000,-0.029671,-0.024051,0.013260,0.008402,0.011864,-0.003116
3.280000,0.016240,-0.046766,-0.063676,0.014857,0.004950,0.010916
3.290000,0.002651,0.023845,0.013670,0.001968,0.002526,0.014253
3.300000,-0.069795,0.016674,0.043155,-0.004875,0.003323,0.000963
3.310000,-0.021510,-0.032846,0.058858,0.001397,0.007015,0.003393
3.320000,0.053346,-0.046871,0.009914,-0.000580,0.016983,0.004041
3.330000,-0.054545,0.021655,-0.024130,-0.006202,0.000277,0.000235
3.340000,-0.049497,-0.071315,0.062261,-0.005343,-0.004301,-0.000981
3.350000,-0.023356,0.158495,0.071145,0.005178,-0.011172,0.005830
3.360000,0.065018,-0.102114,-0.006257,-0.001929,-0.010740,0.005303
3.370000,-0.104693,0.023715,-0.002769,0.003233,0.005861,0.011210
3.380000,0.074375,-0.052471,0.023489,0.018464,0.000969,-0.002561
3.390000,0.001912,-0.001334,0.039371,-0.001043,-0.003363,-0.005294
3.400000,0.024422,0.043595,0.027133,0.000353,-0.015091,0.008564
3.410000,0.018528,-0.037198,-0.015445,0.003752,0.015363,-0.008407
3.420000,-0.051996,-0.014939,0.022308,0.014569,0.009684,-0.009293
3.430000,-0.071498,0.039670,-0.013133,-0.010728,0.003561,0.006032
3.440000,-0.007051,-0.000948,0.008794,0.008090,-0.006076,0.024199
3.450000,-0.122240,-0.005000,-0.034910,-0.011007,0.011892,-0.017160
3.460000,-0.013098,0.038170,-0.024859,-0.007617,0.009063,0.017695
3.470000,-0.038616,0.015618,-0.059005,0.011423,-0.001407,-0.011314
3.480000,0.059685,0.097186,-0.069115,0.012949,-0.001547,0.014717
3.490000,0.031196,0.074817,-0.023617,0.011690,0.005522,-0.007866
3.500000,-0.029401,-0.030161,0.061804,-0.007261,0.006283,0.001865
3.510000,0.066446,-0.012978,0.075988,0.019195,0.006501,0.005662
3.520000,-0.060235,0.025524,-0.043279,0.015929,-0.005934,0.005678
3.530000,0.008268,-0.017587,-0.052386,-0.008069,0.009457,0.016323
3.540000,0.016688,-0.060657,0.035977,0.002427,-0.016348,0.010656
3.550000,0.036702,0.005685,-0.015174,0.015655,-0.006886,-0.006133
3.560000,0.036276,0.040749,-0.024310,0.010351,-0.008679,-0.010591
3.570000,0.008816,-0.020224,0.022997,-0.008439,-0.003917,0.008037
3.580000,-0.036905,0.010327,-0.005220,0.002155,0.010120,0.006307
3.590000,0.044528,-0.027212,0.013549,0.014086,0.011075,-0.010501
3.600000,-0.021157,-0.076487,-0.012734,-0.002881,0.013368,0.004641
3.610000,0.031494,0.033094,-0.030992,-0.004673,-0.003167,0.009265
3.620000,0.049127,0.063619,-0.046312,-0.003114,0.011907,-0.001537
3.630000,0.006710,0.053214,0.065126,0.015389,0.012163,-0.005248
3.640000,0.010592,0.055593,0.065218,0.008159,-0.013344,0.000923
3.650000,0.028607,-0.013747,0.018597,0.000111,-0.016758,-0.017467
3.660000,-0.033551,-0.030841,-0.076913,0.012116,-0.000271,0.001632
3.670000,0.043914,0.052957,-0.094371,-0.002876,0.012672,-0.014967
3.680000,-0.023712,-0.030377,0.025693,0.008468,0.019794,-0.008021
3.690000,-0.000506,0.032350,0.001285,-0.009663,0.003884,0.006520
3.700000,0.013375,0.002227,0.058550,-0.012812,-0.003562,0.015195
3.710000,-0.049258,-0.037655,-0.043518,0.019151,-0.001621,0.001328
3.720000,0.022075,-0.081572,-0.096691,0.003205,-0.027824,-0.007521
3.730000,0.034202,-0.069092,-0.044938,-0.000494,0.023451,0.004250
3.740000,-0.068216,-0.035949,0.146399,0.014598,-0.001890,0.004500
3.750000,-0.016877,-0.001175,-0.050861,-0.009602,-0.014804,-0.011334
3.760000,-0.005915,0.048688,0.005120,-0.004479,-0.001039,-0.006489
3.770000,0.100229,-0.038597,-0.107394,-0.023691,0.006467,-0.009093
3.780000,0.020115,0.020953,0.003357,-0.000495,-0.008258,0.009105
3.790000,-0.068330,-0.027412,0.009917,-0.018508,0.008027,-0.005628
3.800000,0.012455,0.033548,-0.049569,-0.004513,-0.000859,-0.001994
3.810000,-0.094809,-0.009028,0.031164,0.012655,0.005176,0.012007
3.820000,-0.066099,0.079360,-0.017145,0.003644,-0.002705,-0.002538
3.830000,0.056701,0.088619,-0.081629,-0.017345,0.017626,-0.002687
3.840000,0.024460,0.090549,-0.022585,-0.019176,-0.011674,-0.017117
3.850000,0.097607,0.049725,-0.016499,-0.008629,0.004148,-0.022055
3.860000,-0.001821,-0.078823,-0.034058,0.011773,-0.007717,-0.003586
3.870000,0.033313,-0.013711,0.017313,-0.002170,-0.012414,0.005735
3.880000,0.057762,0.055872,0.019676,-0.015517,0.013977,-0.012039
3.890000,-0.027772,0.008992,0.011847,-0.001807,-0.008287,0.009502
3.900000,-0.031965,0.018835,-0.040399,-0.012793,0.012608,0.020064
3.910000,-0.000843,-0.029682,-0.023566,-0.015311,-0.020327,-0.004139
3.920000,0.045894,0.045552,-0.008453,0.000060,-0.003638,-0.004185
3.930000,0.063161,0.037184,0.029765,0.005514,0.002201,-0.017328
3.940000,-0.003542,0.033408,-0.021468,-0.008612,0.011974,0.000313
3.950000,0.011474,0.062162,0.046263,-0.001670,-0.013924,0.006243
3.960000,-0.028997,0.055346,-0.060561,-0.001252,-0.001262,0.008704
3.970000,-0.001247,0.057572,-0.039732,-0.011606,0.010665,0.001958
3.980000,0.016446,0.023466,0.064710,0.010511,-0.003905,0.011769
3.990000,-0.024241,0.042356,-0.034659,-0.029296,-0.014833,-0.010299
4.000000,-0.017598,0.000518,-0.005849,-0.008638,0.009938,-0.020519
4.010000,0.048841,0.121707,0.000337,0.007876,-0.001243,-0.012335
4.020000,0.001904,0.085670,0.120854,0.016478,-0.014584,0.007937
4.030000,-0.007151,0.016381,-0.066529,0.012108,-0.019774,-0.011492
4.040000,-0.037716,-0.080940,-0.014931,0.012454,0.000693,0.005639
4.050000,0.084102,-0.042966,-0.031400,-0.000280,0.006786,-0.013072
4.060000,0.023919,-0.078467,0.016767,0.006460,-0.002631,-0.003070
4.070000,-0.124811,-0.012967,-0.077886,-0.014565,-0.016494,-0.002377
4.080000,-0.036383,-0.005688,-0.005350,0.011323,0.001047,-0.010696
4.090000,-0.009514,0.112604,0.036578,-0.002707,-0.003725,-0.009192
4.100000,-0.083572,-0.069143,0.067394,0.003229,-0.010624,-0.007781
4.110000,0.000621,0.063758,0.052105,-0.011876,-0.008508,0.014427
4.120000,-0.013472,0.008403,-0.028916,-0.007972,-0.005702,0.007098
4.130000,0.048077,0.007057,0.061684,0.009508,-0.005940,0.011680
4.140000,0.048376,-0.000143,0.013147,-0.009335,-0.004604,0.002745
4.150000,0.081157,0.049478,0.007049,-0.014089,-0.000963,-0.008657
4.160000,-0.000121,0.122939,0.097220,-0.003610,0.021820,-0.043703
4.170000,0.156946,-0.026668,-0.017861,-0.009690,-0.001521,-0.008007
4.180000,-0.033660,-0.026192,-0.105512,0.006233,0.017233,0.000149
4.190000,-0.000861,0.048846,-0.108076,0.007620,0.012864,0.009399
4.200000,0.013526,-0.018571,-0.014935,0.015409,-0.016909,0.035804
4.210000,0.054162,0.044338,-0.023118,-0.017667,-0.010970,-0.005311
4.220000,-0.005339,0.006181,-0.111689,0.013983,-0.005319,0.030870
4.230000,0.099439,0.028503,0.014336,0.024713,0.012627,0.014467
4.240000,-0.047333,-0.025159,0.037294,0.033326,-0.021477,-0.003828
4.250000,0.064527,0.076224,-0.156764,0.031572,-0.008605,0.017274
4.260000,0.009052,-0.076820,0.018254,0.051126,-0.001633,0.018676
4.270000,-0.035577,0.025955,-0.045357,0.031852,0.017743,0.030832
4.280000,-0.072892,0.075423,-0.016399,0.043002,-0.002212,0.070683
4.290000,-0.035005,-0.024794,-0.047352,0.010924,-0.013974,0.031304
4.300000,0.058224,-0.006890,0.044431,0.041008,0.006872,0.031232
4.310000,-0.013405,0.071260,-0.003181,0.018287,0.018834,0.027621
4.320000,0.068874,-0.072591,-0.013992,-0.002530,-0.001990,0.049517
4.330000,0.045335,0.090831,-0.000209,0.001170,0.009770,0.033775
4.340000,0.025856,0.135209,0.034723,-0.001727,0.009385,0.075808
4.350000,0.013499,-0.075492,0.046400,-0.041047,-0.015781,0.035866
4.360000,-0.023211,-0.038008,-0.053487,-0.049425,0.008638,0.063207
4.370000,0.036495,0.001232,0.004512,-0.056738,0.002033,0.073695
4.380000,0.018183,-0.079073,-0.134942,-0.093595,-0.003072,0.079759
4.390000,-0.056694,-0.065963,0.009495,-0.109228,-0.021993,0.056301
4.400000,-0.064296,-0.039514,-0.054190,-0.114365,-0.000015,0.082129
4.410000,-0.076305,-0.025471,0.043828,-0.129706,0.013337,0.110031
4.420000,0.062741,-0.013219,-0.049359,-0.159572,0.002286,0.104121
4.430000,-0.082412,0.037075,-0.090249,-0.134688,-0.015030,0.106179
4.440000,-0.015859,-0.009814,-0.062179,-0.168829,-0.009892,0.117596
4.450000,-0.017988,-0.006797,0.012361,-0.152506,0.004027,0.106262
4.460000,-0.000088,0.078877,-0.097462,-0.152085,-0.011271,0.120420
4.470000,-0.056237,0.017815,-0.165728,-0.124236,0.004804,0.115910
4.480000,-0.057563,0.031284,-0.128934,-0.110615,-0.026900,0.150519
4.490000,-0.020967,0.058431,-0.119003,-0.074128,-0.020427,0.147736
4.500000,-0.015826,-0.039044,-0.240986,-0.058065,-0.009574,0.155507
4.510000,-0.034074,0.015114,-0.120003,0.026818,-0.022929,0.161718
4.520000,-0.027783,-0.042798,-0.117137,0.026596,-0.020166,0.187275
4.530000,0.096922,-0.037972,0.030403,0.107050,0.014929,0.165669
4.540000,0.061184,0.025019,-0.094395,0.119025,-0.004030,0.194188
4.550000,-0.017620,-0.005381,-0.219177,0.148725,0.012839,0.194758
4.560000,0.080956,-0.066796,-0.199598,0.211825,-0.014560,0.207869
4.570000,0.051218,-0.001546,-0.211602,0.280168,-0.004195,0.160525
4.580000,0.050917,0.070869,-0.194405,0.288629,0.015029,0.188631
4.590000,0.008382,0.045017,-0.248615,0.314586,0.004369,0.231713
4.600000,-0.078465,-0.004031,-0.159383,0.343060,-0.018723,0.216192
4.610000,0.008117,0.029129,-0.126064,0.345365,0.015995,0.228340
4.620000,-0.065530,0.031551,-0.199275,0.372518,0.005257,0.242431
4.630000,-0.008602,0.002675,-0.132959,0.317505,-0.011685,0.253673
4.640000,0.004091,-0.073003,-0.146416,0.318542,-0.021285,0.257807
4.650000,-0.011599,-0.135340,-0.236167,0.280722,0.016258,0.240673
4.660000,-0.031638,-0.069352,-0.139238,0.222614,0.003548,0.268824
4.670000,0.004314,-0.023569,-0.177570,0.160164,-0.005052,0.295145
4.680000,-0.031107,-0.033899,-0.151197,0.129869,0.006526,0.260732
4.690000,-0.048061,-0.043625,-0.216818,0.081091,0.024931,0.292552
4.700000,-0.161557,0.132323,-0.223625,-0.010273,-0.003803,0.307443
4.710000,-0.016567,0.041635,-0.156931,-0.089951,-0.007627,0.309205
4.720000,0.039484,0.095424,-0.088765,-0.159158,0.024050,0.296542
4.730000,0.073629,-0.010692,-0.331833,-0.261303,0.023457,0.309488
4.740000,-0.117805,0.014507,-0.335766,-0.309658,0.006272,0.340249
4.750000,-0.082300,0.040466,-0.261045,-0.356226,0.013628,0.340200
4.760000,-0.002921,0.086005,-0.200132,-0.434540,0.022897,0.306380
4.770000,-0.025525,-0.057564,-0.260052,-0.455689,0.032756,0.336004
4.780000,-0.064161,-0.056334,-0.322331,-0.522841,0.010218,0.326322
4.790000,0.030228,-0.043092,-0.346059,-0.502748,-0.003469,0.335545
4.800000,-0.057950,0.014404,-0.341648,-0.524940,0.001863,0.327995
4.810000,0.106976,-0.037655,-0.230635,-0.506703,0.010638,0.311722
4.820000,-0.039002,-0.039262,-0.316400,-0.477977,0.001015,0.367423
4.830000,0.003692,0.000544,-0.272102,-0.415374,-0.022103,0.346714
4.840000,-0.048740,0.085739,-0.310124,-0.342094,-0.013253,0.352452
4.850000,0.024113,0.019512,-0.431483,-0.316423,-0.005546,0.384563
4.860000,0.083896,-0.071267,-0.253340,-0.205342,-0.010656,0.407188
4.870000,0.042626,-0.021987,-0.294421,-0.109030,-0.025424,0.373716
4.880000,-0.045695,0.009707,-0.252351,-0.032433,0.018292,0.410993
4.890000,-0.008044,-0.043761,-0.339611,0.042549,-0.022600,0.383581
4.900000,0.037193,0.091930,-0.302281,0.167611,-0.031688,0.406787
4.910000,0.100860,0.020891,-0.244221,0.250058,-0.025486,0.407973
4.920000,-0.001903,-0.028162,-0.273203,0.328324,-0.017623,0.403873
4.930000,-0.100408,0.057491,-0.388232,0.412432,0.006999,0.402654
4.940000,-0.069538,-0.093502,-0.344309,0.475851,0.012013,0.391729
4.950000,-0.036940,0.007475,-0.369104,0.553215,0.022020,0.379692
4.960000,-0.000582,-0.080362,-0.333904,0.582261,-0.025600,0.398637
4.970000,-0.059773,-0.036729,-0.346019,0.587527,-0.001324,0.410756
4.980000,-0.091684,-0.012440,-0.312683,0.598142,0.018417,0.399318
4.990000,-0.061367,-0.034764,-0.382202,0.589175,-0.032870,0.396468
5.000000,0.035421,0.005569,-0.400072,0.572241,0.011383,0.436323
5.010000,0.107584,-0.005546,-0.283028,0.499606,0.021644,0.377551
5.020000,0.065534,-0.051546,-0.286898,0.452234,0.026669,0.391502
5.030000,0.005911,-0.031335,-0.257358,0.355433,-0.014716,0.385696
5.040000,-0.000722,0.052152,-0.225238,0.268288,-0.001076,0.403118
5.050000,-0.126844,0.004419,-0.262739,0.196456,0.007703,0.403586
5.060000,-0.121988,-0.100655,-0.288781,0.072193,-0.008776,0.392640
5.070000,0.003347,0.006414,-0.272991,-0.015132,-0.004322,0.405014
5.080000,0.152927,-0.047672,-0.407408,-0.115868,0.001064,0.402514
5.090000,0.184482,0.021760,-0.336029,-0.184204,0.009210,0.396066
5.100000,-0.033965,0.011539,-0.205178,-0.283203,-0.010391,0.376198
5.110000,0.056330,0.012668,-0.317546,-0.370379,-0.005880,0.372339
5.120000,0.134889,0.041520,-0.283004,-0.435330,-0.003536,0.348526
5.130000,-0.060282,-0.096875,-0.352235,-0.481287,0.011101,0.363573
5.140000,-0.017886,0.064615,-0.235961,-0.517114,-0.004433,0.348756
5.150000,0.012098,-0.019764,-0.167677,-0.530895,0.024501,0.357387
5.160000,-0.051584,-0.008661,-0.217898,-0.552700,0.010839,0.372544
5.170000,0.020290,-0.122479,-0.371920,-0.543951,0.008853,0.344866
5.180000,-0.053986,-0.136654,-0.232225,-0.502065,-0.032121,0.365382
5.190000,0.079855,0.045575,-0.335815,-0.464655,-0.013393,0.335538
5.200000,-0.013873,0.034213,-0.359317,-0.437459,0.001660,0.334605
5.210000,0.013183,0.003284,-0.245027,-0.356969,-0.013589,0.344646
5.220000,-0.044993,-0.089253,-0.207466,-0.297098,-0.000307,0.323685
5.230000,0.047823,0.041116,-0.194034,-0.204308,0.005489,0.305409
5.240000,0.022625,0.064821,-0.227890,-0.135816,-0.018568,0.331053
5.250000,0.082232,0.011127,-0.183892,-0.033557,0.020441,0.315433
5.260000,0.037057,0.075488,-0.193078,0.063987,0.004449,0.314855
5.270000,-0.025208,0.039219,-0.217438,0.112437,0.016113,0.285666
5.280000,0.008604,-0.022274,-0.253783,0.218712,0.014592,0.279544
5.290000,0.058259,-0.167124,-0.249182,0.226868,0.044463,0.300589
5.300000,-0.048284,0.056905,-0.309679,0.284894,0.016568,0.297554
5.310000,-0.033870,-0.040697,-0.177545,0.349314,0.010444,0.257501
5.320000,-0.089836,0.010392,-0.262846,0.350254,-0.004540,0.247257
5.330000,0.029188,-0.037271,-0.198338,0.366197,0.029808,0.258104
5.340000,0.000802,-0.003330,-0.229498,0.379270,0.016011,0.254333
5.350000,0.026983,-0.015109,-0.177459,0.375184,-0.011033,0.262956
5.360000,-0.023786,-0.025078,-0.190756,0.371750,0.015940,0.224904
5.370000,-0.080425,-0.006273,-0.148828,0.348181,-0.000054,0.228978
5.380000,-0.145436,0.022053,-0.110415,0.281007,0.004692,0.243288
5.390000,-0.008170,-0.016295,-0.251225,0.246650,0.034750,0.222910
5.400000,0.065502,0.069251,0.014005,0.189369,-0.020133,0.226484
5.410000,0.198378,-0.014534,-0.213438,0.175294,-0.018504,0.220964
5.420000,0.190023,-0.020878,-0.149867,0.110090,-0.006820,0.197795
5.430000,0.015280,-0.041159,-0.184202,0.042418,-0.035168,0.205380
5.440000,0.011913,0.028788,-0.215020,0.007527,0.009398,0.207656
5.450000,-0.114153,-0.027717,-0.097250,-0.033701,-0.001317,0.179244
5.460000,-0.023695,0.000305,-0.127426,-0.085850,-0.002123,0.157113
5.470000,0.006794,-0.082339,-0.165258,-0.123062,-0.033724,0.147493
5.480000,-0.005941,-0.065155,-0.131382,-0.152959,-0.002956,0.149135
5.490000,-0.035414,-0.117158,-0.149928,-0.167967,-0.012054,0.154067
5.500000,-0.031121,-0.073911,-0.212885,-0.179869,0.010178,0.139970
5.510000,-0.017151,-0.047692,-0.182221,-0.192887,0.007146,0.114612
5.520000,-0.049824,0.045002,-0.005444,-0.185058,0.016353,0.147227
5.530000,0.056178,0.069506,-0.084017,-0.188848,0.007579,0.111537
5.540000,-0.059609,0.001310,-0.232903,-0.164885,-0.011163,0.104860
5.550000,0.057746,-0.037877,0.020316,-0.148368,0.006088,0.114695
5.560000,-0.023319,0.009648,-0.086493,-0.165538,-0.018648,0.130632
5.570000,0.068979,0.102172,-0.070478,-0.131628,0.008412,0.094150
5.580000,-0.001380,0.004552,0.030942,-0.094466,-0.012619,0.102825
5.590000,0.012735,-0.026893,0.015065,-0.056101,0.003961,0.078620
5.600000,0.047032,-0.046227,-0.089248,-0.054739,0.001892,0.076711
5.610000,0.009249,0.052168,-0.099629,-0.025691,-0.014972,0.076081
5.620000,-0.055895,0.106325,-0.005230,0.010633,0.033022,0.049386
5.630000,-0.085352,0.118124,-0.168286,-0.034925,0.006532,0.063653
5.640000,-0.008760,-0.007044,-0.070128,0.008134,0.014039,0.046140
5.650000,0.010927,-0.072452,0.057768,0.037344,0.007114,0.057092
5.660000,0.054319,-0.031084,0.015919,0.045112,0.010131,0.049742
5.670000,-0.029144,0.028590,-0.009628,0.039538,-0.002411,0.029160
5.680000,0.088006,-0.007655,0.028932,0.013103,0.014090,0.051473
5.690000,0.103145,-0.026787,-0.036314,0.019050,-0.011989,0.041083
5.700000,0.052377,-0.067611,-0.128471,0.036778,-0.020492,0.035982
5.710000,-0.168490,0.046278,-0.125334,0.016367,0.028908,0.018844
5.720000,-0.118371,0.047110,-0.076787,0.029168,-0.001256,0.033799
5.730000,0.027635,-0.014302,-0.050254,0.036065,0.004498,0.022817
5.740000,-0.004665,-0.020267,-0.177898,0.024201,0.010473,0.017961
5.750000,0.136961,-0.034555,-0.038789,0.019964,-0.001679,-0.000410
5.760000,-0.015593,0.032623,0.010474,0.040932,0.018375,0.014733
5.770000,-0.059562,-0.043134,0.036538,0.009201,-0.011324,0.003311
5.780000,0.067784,-0.034865,0.050437,-0.002336,0.001888,0.042315
5.790000,0.022171,0.072718,-0.046323,0.002170,0.002144,0.015843
5.800000,-0.020063,-0.021175,-0.122989,-0.005301,-0.011544,-0.016928
5.810000,-0.078540,0.068697,0.051442,0.008492,-0.011429,-0.004041
5.820000,-0.049911,-0.002745,-0.045605,0.024382,0.002280,-0.005808
5.830000,-0.032319,0.031167,-0.095550,-0.020562,0.021115,0.010385
5.840000,-0.118598,0.006854,-0.029282,0.024161,-0.002252,-0.024467
5.850000,0.119207,-0.009027,0.107866,-0.036308,-0.016335,-0.011032
5.860000,0.035841,-0.029838,0.125798,0.019064,0.001731,-0.001074
5.870000,0.081555,0.028923,0.055984,0.005369,-0.000755,-0.003372
5.880000,0.017800,0.011893,0.024840,0.001932,0.007594,-0.005094
5.890000,0.105648,0.062104,0.000056,-0.009991,0.009475,-0.022190
5.900000,0.011658,-0.078092,0.007389,-0.013234,0.000091,0.008878
5.910000,0.031497,0.021037,0.010562,0.002021,-0.005732,0.008073
5.920000,-0.032941,0.045633,0.051358,-0.007855,0.006649,-0.004521
5.930000,0.004472,0.004594,-0.001007,-0.011923,0.007111,0.015780
5.940000,0.015960,0.026653,-0.082625,-0.004004,0.009937,-0.019830
5.950000,-0.023412,-0.063632,-0.027226,-0.013698,-0.009888,-0.001778
5.960000,0.061182,-0.049608,-0.079824,0.004626,-0.012408,-0.009562
5.970000,-0.066632,0.013391,0.035734,0.007881,-0.008760,0.013508
5.980000,0.001116,-0.104440,-0.035594,-0.007622,0.011266,0.007786
5.990000,0.081823,0.004783,-0.104349,0.000469,0.001843,0.000931
6.000000,-0.041365,-0.104273,-0.024386,0.010970,-0.022152,-0.003728
6.010000,0.005637,-0.008141,-0.019692,0.001558,0.011731,-0.006053
6.020000,0.104190,0.011026,-0.017702,-0.021212,-0.025506,0.000388
6.030000,0.038732,0.039108,0.020587,-0.013471,-0.002672,-0.013102
6.040000,0.137101,-0.037429,0.063258,-0.003926,0.019212,0.012372
6.050000,0.058361,-0.072691,0.027408,-0.000494,-0.003093,-0.009253
6.060000,-0.048036,0.003976,0.062161,0.005254,-0.003917,0.013136
6.070000,0.007123,-0.109489,0.039632,0.000819,0.001235,-0.017066
6.080000,-0.078492,-0.023678,0.061779,-0.006069,0.018316,-0.015756
6.090000,-0.058415,0.024860,-0.036302,-0.002875,-0.002653,0.002165
6.100000,-0.113012,-0.036567,-0.033391,0.003473,-0.005878,0.008218
6.110000,-0.064571,0.001050,0.003744,-0.006706,0.005267,-0.016024
6.120000,-0.021605,-0.020174,0.033901,-0.008230,-0.015716,0.002128
6.130000,-0.069075,0.060730,-0.031845,0.002541,-0.004612,0.002079
6.140000,-0.018010,-0.046978,-0.059473,-0.012448,0.011767,0.008368
6.150000,0.051056,-0.041944,0.026043,-0.009990,-0.012559,-0.005499
6.160000,0.020524,-0.012632,0.056362,0.001714,0.000607,-0.011177
6.170000,0.005036,-0.109933,-0.032334,-0.004822,0.002736,-0.004600
6.180000,0.139676,0.002361,-0.004118,0.000466,0.009363,-0.006783
6.190000,0.051266,0.073094,-0.047479,0.008452,-0.000912,-0.001718
6.200000,0.000937,-0.000071,-0.073272,-0.013968,0.007396,0.019288
6.210000,-0.010603,0.011053,-0.010093,-0.010668,-0.009584,0.015315
6.220000,0.102012,0.039399,0.017324,0.006300,-0.006901,0.016753
6.230000,0.001568,0.038433,-0.011777,-0.004601,0.000273,0.003373
6.240000,-0.078808,-0.062361,0.012771,0.007605,0.004411,0.020639
6.250000,0.064851,-0.022039,0.046096,0.013729,0.015704,-0.006618
6.260000,0.023076,0.059419,-0.056679,0.003237,0.016845,-0.003969
6.270000,-0.058407,0.090114,-0.087912,-0.003890,0.009223,0.004682
6.280000,0.019390,0.080380,0.021471,-0.000188,0.002731,-0.018213
6.290000,0.072462,0.068094,0.042028,-0.003349,-0.008494,0.016040
6.300000,0.018821,-0.057076,-0.072881,-0.001781,0.000845,0.011015
6.310000,-0.010989,-0.093803,0.030297,0.015522,0.002668,-0.008515
6.320000,0.122255,0.002241,0.018768,-0.005487,0.002941,0.003231
6.330000,-0.060971,-0.006678,0.003357,-0.008093,-0.020610,-0.016216
6.340000,-0.012369,0.020501,-0.033646,-0.011861,-0.002193,-0.003180
6.350000,0.006200,0.024102,0.070351,-0.016632,-0.002442,0.016666
6.360000,0.004482,-0.030370,-0.007478,0.003561,0.020018,0.000049
6.370000,0.023331,-0.046509,-0.036818,-0.000258,0.002828,0.018208
6.380000,0.006261,-0.102914,-0.006967,0.015728,0.007582,0.004275
6.390000,-0.022850,0.029108,-0.044731,-0.008579,-0.013416,-0.004469
6.400000,-0.022511,-0.002375,-0.036106,0.015312,0.017862,-0.016091
6.410000,-0.050505,-0.033808,-0.107325,0.013495,0.018271,0.012486
6.420000,-0.050906,0.029235,-0.078136,-0.004532,0.008212,-0.015419
6.430000,-0.055439,-0.015362,0.034024,-0.014020,0.025013,-0.004540
6.440000,-0.064827,-0.034386,0.066593,-0.011379,-0.003539,0.018679
6.450000,0.006793,0.032238,-0.054584,0.011667,-0.006618,-0.000623
6.460000,-0.033577,0.049693,0.016375,0.005031,0.006843,0.005186
6.470000,0.028228,0.033679,0.041580,-0.009364,-0.002174,-0.010931
6.480000,-0.020412,-0.055522,-0.035924,0.009696,-0.000800,0.003516
6.490000,-0.021954,-0.113762,0.022914,-0.006498,0.006562,0.006905
6.500000,0.042903,0.004425,-0.034349,-0.014087,0.008105,-0.011396
6.510000,0.003842,-0.086139,-0.090747,-0.006642,0.009370,-0.006321
6.520000,0.083758,-0.103237,0.039888,0.001376,-0.000726,-0.014185
6.530000,0.068022,-0.002658,-0.005120,0.014342,0.014472,0.004851
6.540000,0.006954,-0.109305,-0.033262,-0.002779,0.001185,0.013613
6.550000,0.069418,0.004207,-0.009603,-0.004953,-0.004038,-0.001972
6.560000,0.001876,-0.036801,-0.063482,-0.021568,0.007250,0.002220
6.570000,0.045038,-0.048611,0.109690,0.008591,-0.004413,-0.014177
6.580000,-0.016818,0.016466,0.081895,0.001678,-0.011318,0.006034
6.590000,0.021871,-0.070898,-0.031282,0.006887,0.021720,0.014383
6.600000,-0.087617,-0.012174,-0.053773,0.003068,-0.002213,0.009171
6.610000,-0.013386,0.066970,0.083083,0.003380,-0.004358,-0.020305
6.620000,-0.090201,-0.091042,0.001460,0.023333,0.011027,0.006786
6.630000,-0.012562,-0.070210,-0.014365,0.000943,0.019338,0.009230
6.640000,-0.004262,-0.019891,0.058782,-0.013586,-0.002222,0.007896
6.650000,0.050315,-0.010186,0.059712,0.012407,-0.002599,0.015610
6.660000,0.041698,0.002060,-0.133017,-0.012970,-0.002257,-0.001839
6.670000,-0.075289,-0.024571,0.020247,0.009826,0.013361,0.013119
6.680000,-0.070969,0.051254,0.069526,-0.013585,0.001752,-0.015008
6.690000,0.019626,0.021859,0.033384,0.000699,0.016981,0.020568
6.700000,0.016574,0.000200,-0.010496,0.005122,0.003230,-0.001405
6.710000,0.042929,0.041080,-0.073273,0.000108,0.014870,-0.008343
6.720000,-0.005145,0.021447,-0.077845,-0.002386,0.000457,-0.006825
6.730000,0.028488,-0.012309,0.095232,0.005292,0.015724,0.006514
6.740000,0.033864,0.002281,0.019844,-0.006833,-0.007344,-0.012587
6.750000,0.003374,-0.080520,-0.005554,-0.001007,-0.008247,0.002494
6.760000,-0.085470,-0.018405,0.004711,-0.006955,-0.014024,-0.019357
6.770000,-0.064378,-0.006526,0.071748,0.006288,-0.013894,0.004965
6.780000,-0.029852,-0.050184,0.052656,-0.006509,0.002616,-0.000483
6.790000,0.008570,-0.003986,0.024401,0.001479,0.009544,-0.007086
6.800000,0.005862,-0.040836,-0.059849,0.014874,0.007634,-0.003379
6.810000,0.087422,0.021288,0.076028,-0.002331,0.001135,-0.004286
6.820000,-0.014344,0.059798,-0.041506,-0.017415,-0.009824,-0.009857
6.830000,-0.081074,0.021391,0.044697,-0.001994,-0.012203,0.008275
6.840000,0.050447,0.019116,-0.036137,0.001265,-0.004178,-0.008215
6.850000,0.017188,0.016415,-0.005738,0.000174,0.009365,-0.018839
6.860000,-0.024738,-0.058588,0.008123,-0.015039,-0.010343,-0.013157
6.870000,0.009862,-0.075512,0.095163,-0.014525,0.000054,-0.000417
6.880000,-0.073808,-0.035857,0.010304,-0.003820,0.001969,-0.000830
6.890000,0.016971,-0.043321,-0.049357,-0.007627,-0.004359,0.002122
6.900000,-0.007506,-0.003789,0.069188,-0.012189,0.002931,-0.032146
6.910000,-0.056209,0.001121,-0.010295,-0.000349,0.003158,-0.009683
6.920000,0.016598,-0.016111,0.050485,0.010628,0.011435,0.002087
6.930000,0.031408,0.063119,0.003866,0.016188,-0.008017,0.008798
6.940000,-0.002995,-0.022241,-0.076725,0.014117,-0.011421,0.000768
6.950000,0.016475,0.019956,0.025499,-0.014785,0.008351,0.016666
6.960000,-0.022094,-0.060539,-0.043030,-0.005470,-0.000340,-0.005115
6.970000,0.008865,0.052964,-0.081401,0.024923,-0.009086,-0.009123
6.980000,0.078471,-0.107874,0.089560,0.005577,-0.000887,0.025119
6.990000,-0.054240,0.070776,-0.024602,0.019860,0.006164,0.009315
7.000000,0.068453,-0.117925,0.027125,0.007312,0.010453,0.005238
7.010000,0.049096,0.013315,0.027625,-0.010090,-0.008229,0.009709
7.020000,0.050454,0.007946,-0.024184,-0.005015,0.013420,0.007264
7.030000,-0.066901,0.045388,0.053612,-0.011867,-0.011477,-0.013060
7.040000,0.033621,0.037436,0.011786,0.007849,0.011639,-0.003895
7.050000,-0.023238,0.056288,-0.024905,-0.000046,0.003201,0.008755
7.060000,0.005334,0.026946,0.068759,-0.003491,0.004337,-0.000732
7.070000,-0.146445,0.043236,-0.022790,-0.015597,0.013681,0.003161
7.080000,0.024840,-0.094595,-0.037819,-0.001908,-0.007573,-0.007081
7.090000,0.058271,0.058321,-0.009988,-0.014461,-0.011236,-0.009378
7.100000,0.084774,-0.000568,0.016000,-0.005553,0.013221,0.005965
7.110000,-0.041902,-0.023375,0.020296,-0.009193,-0.015938,-0.009174
7.120000,-0.116539,0.004585,0.021657,0.014455,0.006638,-0.001804
7.130000,-0.000143,0.071639,-0.024414,-0.000170,0.011452,-0.000223
7.140000,-0.012210,-0.020431,-0.015432,0.022656,0.000820,-0.009317
7.150000,-0.008417,-0.028315,0.055839,-0.020204,0.004418,-0.002097
7.160000,0.069404,0.056922,0.035295,-0.009373,0.006917,0.002701
7.170000,-0.049076,-0.004263,0.103906,-0.004595,0.003058,-0.001373
7.180000,-0.011116,0.019248,-0.075194,0.009242,0.000905,-0.003823
7.190000,0.026649,-0.034131,-0.013605,0.012458,-0.010686,-0.014078
7.200000,-0.138193,-0.002962,0.044552,-0.005983,-0.017847,-0.015366
7.210000,0.046604,-0.019969,0.038179,-0.002387,0.000597,-0.002640
7.220000,0.047816,-0.038718,0.048147,0.005036,-0.004677,-0.018982
7.230000,-0.016897,-0.066494,-0.035134,0.007468,-0.000829,0.006972
7.240000,0.010681,-0.075591,-0.103230,0.006255,0.010823,-0.008862
7.250000,0.019284,0.017271,-0.013962,-0.011880,-0.000902,-0.001496
7.260000,0.004192,0.032393,-0.085968,0.012479,0.005113,0.001481
7.270000,-0.134825,0.040094,0.018111,-0.012145,-0.007056,-0.016150
7.280000,0.025798,-0.042317,0.008852,-0.008176,0.001833,0.004513
7.290000,0.052311,0.009523,-0.026740,0.006420,0.007651,0.005697
7.300000,0.010296,0.066284,0.007191,-0.006007,-0.007635,0.013001
7.310000,-0.057338,0.085105,-0.016065,-0.003898,-0.003449,-0.001169
7.320000,-0.035580,-0.031954,0.024102,-0.014911,-0.001829,-0.015634
7.330000,-0.031236,-0.082900,0.021551,0.006291,-0.004421,-0.005824
7.340000,0.009757,0.003887,-0.052347,-0.019181,0.003209,0.023935
7.350000,-0.021497,0.021311,0.004217,-0.005717,-0.000483,0.015790
7.360000,0.014967,0.075456,0.012238,0.023699,-0.012089,0.012111
7.370000,0.023886,-0.047383,-0.057723,-0.027753,-0.031486,-0.017884
7.380000,0.033023,-0.024394,-0.088348,-0.003708,-0.019971,0.013101
7.390000,0.023720,0.051115,-0.053576,0.000419,0.006193,-0.003465
7.400000,-0.086672,0.071017,0.064645,-0.005925,-0.000839,0.019480
7.410000,0.050626,-0.041749,-0.014947,0.001996,0.001618,-0.010524
7.420000,0.019866,0.044387,-0.006705,-0.010034,-0.006777,0.006153
7.430000,0.132398,0.030057,0.006441,0.003257,-0.019762,0.004478
7.440000,-0.007652,0.011595,0.019357,0.007194,0.005895,0.005702
7.450000,-0.056080,-0.059918,-0.037093,0.005955,0.003671,-0.013350
7.460000,-0.015990,0.008332,-0.022257,0.009678,0.017220,0.012661
7.470000,-0.001232,-0.071171,0.060499,0.002742,-0.000738,-0.006275
7.480000,-0.069090,0.015355,-0.051049,-0.018741,0.009669,-0.014825
7.490000,0.019973,0.077943,0.040872,-0.003588,-0.003804,0.012563
7.500000,-0.044371,0.011710,-0.018055,0.006644,-0.006145,-0.001134
7.510000,-0.065852,0.049624,0.116537,-0.002080,0.006239,-0.010106
7.520000,0.064700,-0.060850,0.103800,0.002944,-0.002030,0.024504
7.530000,-0.030937,-0.020529,-0.037209,-0.007895,0.012242,-0.004231
7.540000,0.007978,-0.102572,-0.048697,-0.000903,0.013567,0.005500
7.550000,0.058538,0.129609,-0.110780,-0.001092,-0.003514,0.013932
7.560000,0.052768,-0.060382,-0.023059,-0.003550,-0.003568,-0.006779
7.570000,-0.063266,0.050087,0.028665,0.018101,-0.012553,0.002883
7.580000,0.006046,0.038825,0.031303,0.003362,-0.011971,-0.002699
7.590000,-0.056623,0.016583,-0.031674,-0.003714,-0.006032,0.001067
7.600000,-0.037925,0.025487,0.066616,0.003138,-0.002869,0.020082
7.610000,-0.003721,0.082721,-0.016282,-0.006571,0.002604,0.001224
7.620000,-0.084530,-0.067327,-0.078823,0.006102,0.002131,-0.008358
7.630000,0.020565,0.096534,0.058592,0.006527,0.000218,0.009826
7.640000,0.045732,0.082118,0.034307,0.007863,0.006043,0.009355
7.650000,0.057388,0.005426,-0.043941,-0.005626,0.000955,0.011144
7.660000,-0.061911,-0.019459,-0.086804,0.002383,-0.007667,-0.010352
7.670000,-0.017360,-0.016135,0.044310,0.007754,-0.005505,-0.000500
7.680000,-0.007373,0.063749,-0.022669,0.014109,-0.008391,0.011854
7.690000,-0.050218,0.090298,0.058473,-0.010000,0.011994,0.001718
7.700000,0.007214,-0.029369,0.114631,-0.017076,-0.012170,-0.008590
7.710000,0.002145,0.044387,0.075829,0.001339,0.011259,0.003894
7.720000,0.022957,-0.057275,-0.008517,-0.008607,0.014459,-0.000614
7.730000,-0.024828,-0.000621,0.016936,-0.009146,-0.001157,0.000101
7.740000,-0.018984,-0.017684,0.008126,-0.008535,0.009516,-0.003619
7.750000,-0.075003,-0.016251,0.014345,-0.008292,0.006105,0.003961
7.760000,0.009329,-0.037530,-0.025055,0.007874,0.007645,-0.006605
7.770000,-0.075227,-0.038826,-0.093495,-0.001154,-0.022482,0.001357
7.780000,-0.012108,0.022826,-0.036623,0.002402,-0.002022,-0.009588
7.790000,-0.113300,0.043033,0.010477,0.010566,-0.012102,0.015026
7.800000,-0.043724,-0.045967,0.044807,-0.015196,-0.002653,-0.022798
7.810000,0.021774,0.035179,-0.075752,-0.007566,0.002411,0.003144
7.820000,0.027164,-0.052608,-0.070878,-0.002412,-0.005035,0.023602
7.830000,-0.001578,0.024117,0.001677,-0.000827,0.028342,0.015332
7.840000,0.003951,-0.058371,-0.098707,-0.006693,-0.004861,0.016172
7.850000,0.022441,0.011984,-0.024669,-0.013912,0.014016,-0.001130
7.860000,-0.022668,0.004666,-0.021052,-0.024823,-0.011329,-0.002394
7.870000,0.035152,0.037302,-0.004493,-0.005159,-0.007194,-0.014815
7.880000,-0.011417,0.013228,-0.144139,-0.000353,0.015266,0.015029
7.890000,-0.003304,-0.080480,0.021036,0.012073,-0.001772,0.012158
7.900000,0.045153,-0.127369,0.033710,-0.015774,0.006147,0.015927
7.910000,-0.005283,0.024828,0.049755,0.007424,-0.016218,-0.008949
7.920000,0.011043,0.006970,-0.058076,-0.006512,-0.010805,-0.003295
7.930000,-0.043621,0.100165,0.049754,-0.001008,-0.002307,-0.009034
7.940000,0.023164,-0.047890,0.017780,0.011065,-0.001834,-0.014261
7.950000,-0.021719,0.111362,0.069245,-0.004476,-0.005610,-0.018235
7.960000,-0.041662,-0.036663,-0.011283,-0.003848,0.012826,-0.002543
7.970000,0.064505,0.055042,-0.108975,-0.001870,0.005486,-0.005971
7.980000,0.021010,0.058165,-0.010647,-0.010925,0.007005,-0.000212
7.990000,0.027620,0.094892,0.069749,-0.017149,0.004084,0.003160
8.000000,0.024490,0.017006,-0.001783,-0.017503,-0.023926,-0.006684
8.010000,0.028018,-0.009775,0.052713,0.025414,0.023746,0.015130
8.020000,-0.051294,-0.030667,-0.020022,-0.007557,-0.008310,-0.012994
8.030000,0.061590,0.040083,0.015307,-0.012367,0.006196,0.017351
8.040000,0.017720,-0.099601,0.032675,-0.002523,-0.005479,-0.009245
8.050000,-0.055291,-0.034088,0.155237,-0.002171,-0.008621,-0.014094
8.060000,0.023907,0.006095,-0.012298,0.001804,-0.008049,-0.005256
8.070000,0.061205,-0.055686,-0.029373,0.000144,-0.020705,-0.015322
8.080000,0.056455,-0.001244,0.018316,0.001311,-0.011637,0.000482
8.090000,-0.031532,0.027983,-0.027998,-0.007341,0.002792,-0.016009
8.100000,-0.081871,0.048152,-0.046477,-0.008298,0.016039,0.003686
8.110000,-0.064838,-0.051029,0.001344,0.009271,0.000087,-0.012714
8.120000,-0.038850,0.091164,0.054110,-0.007399,-0.006551,-0.006517
8.130000,0.004432,-0.047707,0.046780,0.013088,-0.002277,-0.013925
8.140000,0.014548,-0.036053,0.010969,-0.006818,0.004048,-0.015165
8.150000,0.009694,-0.038932,-0.070707,0.010878,0.014536,-0.008451
8.160000,0.059353,0.035406,-0.007583,0.005256,0.009448,-0.010228
8.170000,0.025649,0.043953,-0.021257,-0.004221,-0.002767,0.003698
8.180000,-0.016854,0.086787,-0.033184,0.014564,-0.002686,-0.015334
8.190000,0.093583,0.167261,0.013147,-0.017792,-0.007813,-0.003003
8.200000,-0.086000,-0.005020,0.003776,0.011801,-0.017557,-0.002016
8.210000,-0.004143,0.065157,-0.024226,0.014610,0.003762,-0.012602
8.220000,0.022544,0.019924,0.021579,0.001484,-0.000798,0.012135
8.230000,-0.047015,0.046484,-0.050390,0.006902,0.002346,0.005135
8.240000,0.019681,0.025268,-0.049950,-0.000082,-0.008172,0.006697
8.250000,-0.053886,-0.017704,0.055759,-0.007265,0.003066,0.006452
8.260000,0.021248,0.052272,0.056198,-0.013080,-0.002800,0.014998
8.270000,0.037387,-0.001787,-0.162497,0.012776,0.003731,-0.002388
8.280000,0.034202,0.117223,-0.037076,-0.003314,-0.007298,-0.001312
8.290000,-0.001922,0.088886,0.026537,0.012304,-0.006911,-0.013357
8.300000,0.023586,-0.020840,0.014179,0.009156,-0.004293,-0.010499
8.310000,0.009965,0.020588,-0.057382,-0.000322,-0.003992,-0.000134
8.320000,0.120690,0.000863,-0.050140,0.004235,0.002869,0.003795
8.330000,-0.035198,-0.055341,-0.012702,0.000580,-0.018605,0.000006
8.340000,-0.016090,0.049218,-0.063844,-0.013741,-0.008049,-0.007900
8.350000,-0.069296,-0.100745,0.018125,0.004868,-0.018734,-0.002844
8.360000,0.033921,-0.170430,0.020889,-0.001810,0.006885,0.000124
8.370000,-0.035706,0.051850,0.096076,0.004589,0.000281,0.016236
8.380000,-0.085679,-0.028934,0.051512,-0.005200,0.022457,-0.006400
8.390000,0.051833,-0.007452,0.046276,0.006966,0.014438,-0.002669
8.400000,0.023623,0.049143,0.052584,-0.001519,-0.014230,0.033132
8.410000,-0.006207,0.041816,-0.005587,-0.002821,0.013563,-0.007690
8.420000,0.043727,-0.037125,0.022319,-0.014568,-0.006873,0.001330
8.430000,0.021221,0.047445,-0.005597,0.000741,-0.006996,-0.004935
8.440000,-0.047054,-0.003787,-0.072440,0.001041,-0.008243,-0.005063
8.450000,-0.021016,-0.078619,0.003878,-0.011187,0.007565,-0.013471
8.460000,0.054871,0.047155,-0.084791,-0.003347,0.005087,0.005853
8.470000,0.012523,0.125454,-0.027917,-0.011593,0.007642,0.004539
8.480000,0.023514,0.060683,-0.074689,0.006530,-0.001237,0.004395
8.490000,0.018487,0.047842,-0.016478,0.005937,0.024757,-0.017236
8.500000,-0.073234,0.063147,-0.088616,0.004090,0.007253,0.002955
8.510000,-0.113182,-0.071448,-0.020885,0.010112,0.009585,0.003580
8.520000,-0.078889,-0.060301,-0.035383,-0.001001,-0.020580,0.021723
8.530000,0.066379,0.022934,0.011491,-0.023034,0.006668,0.003962
8.540000,0.082869,0.085749,-0.047499,-0.012713,0.023183,0.009620
8.550000,-0.050635,-0.032372,0.012875,0.003657,-0.012364,0.016056
8.560000,0.070648,-0.054181,-0.004064,0.016740,0.002297,0.019127
8.570000,-0.006764,0.073543,0.045419,0.002864,0.004615,0.000055
8.580000,-0.053218,0.041777,-0.014815,0.008172,0.006199,-0.004788
8.590000,0.013950,-0.064763,-0.102863,-0.010962,-0.001595,0.007647
8.600000,-0.015271,-0.050301,-0.009876,-0.001428,-0.009046,-0.000470
8.610000,-0.034099,0.002396,0.012479,-0.011501,-0.005309,-0.017972
8.620000,0.037041,0.036537,0.066781,0.001420,0.008048,0.000507
8.630000,0.005020,-0.063084,0.050829,0.004159,0.001747,0.004909
8.640000,0.014167,0.039791,0.041955,0.006118,0.006328,0.011627
8.650000,-0.013806,-0.014535,0.102362,-0.016060,0.007858,-0.002186
8.660000,-0.066483,-0.023422,0.044024,-0.004754,-0.019336,-0.015859
8.670000,-0.009867,-0.028935,0.041027,-0.005024,-0.008309,0.009957
8.680000,0.069618,0.008990,-0.078908,0.007368,0.015032,-0.001533
8.690000,0.006144,0.020985,-0.051979,0.006546,-0.015746,0.023909
8.700000,0.077595,0.027876,-0.049665,0.017963,-0.008287,0.016014
8.710000,0.028866,0.027887,-0.031320,-0.011501,-0.006737,0.000096
8.720000,-0.064224,-0.014538,-0.032144,-0.008765,0.006055,0.011374
8.730000,0.013500,-0.014137,0.025352,-0.014194,0.001185,-0.009903
8.740000,0.011996,0.038757,0.030340,0.002748,0.002982,-0.006371
8.750000,0.051406,-0.044392,0.054119,-0.001642,0.001032,-0.006842
8.760000,0.099496,0.062681,-0.075752,-0.016744,0.007758,0.007684
8.770000,0.084275,0.039539,0.052170,0.007221,-0.009928,-0.002326
8.780000,-0.040974,-0.073922,0.075270,-0.016306,0.020860,-0.013286
8.790000,-0.024341,-0.042485,-0.079865,0.012517,-0.007761,0.003027
8.800000,-0.088299,0.000031,0.046342,-0.002569,-0.003855,0.004065
8.810000,0.015201,-0.007148,0.068277,-0.005519,-0.016134,-0.001658
8.820000,0.075303,-0.046846,0.009640,0.011144,0.000165,-0.009401
8.830000,0.006392,-0.015645,0.023394,0.027652,0.000083,-0.008504
8.840000,0.074547,-0.101005,0.011718,0.021483,-0.017321,-0.009322
8.850000,0.007460,-0.012231,0.038415,0.010216,-0.009487,0.007307
8.860000,-0.013354,-0.036413,0.039833,0.008583,0.020685,0.010628
8.870000,-0.063322,-0.034984,-0.042178,-0.004581,-0.007365,-0.010560
8.880000,0.084885,0.007373,-0.069178,-0.011165,0.003941,-0.017773
8.890000,0.012689,-0.056346,0.014227,0.001612,-0.019290,0.002572
8.900000,-0.066959,-0.076595,0.035676,-0.005475,0.006329,-0.027013
8.910000,-0.031430,0.062908,-0.110353,0.009467,0.000106,-0.004684
8.920000,0.028896,-0.024601,0.036706,0.005231,0.004454,-0.013774
8.930000,-0.021060,0.030555,-0.013870,0.001571,0.007322,-0.015930
8.940000,0.004877,0.065573,0.002884,0.002041,0.012041,0.001709
8.950000,-0.031296,-0.047778,0.024417,-0.004702,-0.013692,-0.010998
8.960000,0.056165,0.033442,0.087129,-0.004050,0.007766,0.005928
8.970000,0.014754,-0.028069,0.068216,-0.004003,-0.008269,-0.006112
8.980000,-0.067336,-0.040301,0.003900,0.011550,-0.015273,0.000159
8.990000,-0.051189,0.027008,-0.021596,-0.005455,0.006361,-0.002476
9.000000,0.052891,0.024437,0.094732,-0.012987,0.015374,0.001732
9.010000,-0.088244,0.023619,0.006612,0.001153,-0.014445,-0.003753
9.020000,0.006103,-0.020858,0.016330,-0.007836,-0.001403,-0.019293
9.030000,-0.098547,-0.100214,-0.041574,0.000765,0.007800,-0.006007
9.040000,-0.100584,0.019162,-0.050075,0.002208,-0.010891,0.016321
9.050000,-0.004021,0.013930,-0.008766,-0.010714,-0.002392,-0.008539
9.060000,0.032150,-0.024738,-0.004363,-0.009838,0.015391,0.014309
9.070000,-0.026724,0.045503,-0.068179,-0.005359,0.033889,0.010777
9.080000,0.017432,0.075455,0.022348,0.009928,-0.000140,0.011706
9.090000,-0.031271,0.015399,-0.034115,0.001052,-0.010055,-0.000397
9.100000,0.053062,0.021433,0.006884,-0.004620,-0.012511,0.009953
9.110000,0.069182,0.002219,-0.074363,0.001596,-0.000831,0.017394
9.120000,0.001704,-0.015301,-0.002769,0.001588,0.012295,-0.010591
9.130000,0.023438,0.033541,-0.055639,-0.007923,-0.000014,0.000951
9.140000,-0.000458,-0.011290,0.009228,0.002964,0.010019,0.036183
9.150000,0.019474,-0.004805,-0.062329,-0.016137,-0.006126,0.004000
9.160000,-0.006022,0.056902,-0.057085,0.019521,-0.002271,-0.000225
9.170000,0.066685,-0.085870,0.008555,-0.004120,0.005277,-0.000314
9.180000,-0.032228,-0.002559,0.034892,0.008149,0.012225,-0.003832
9.190000,0.045334,0.062426,-0.079130,0.009528,-0.007540,0.002175
9.200000,-0.045619,-0.030385,-0.039433,-0.006758,-0.016641,0.009167
9.210000,0.019469,0.037944,-0.094691,-0.010273,-0.007431,-0.003630
9.220000,-0.056473,-0.010249,-0.002398,0.018980,0.016229,-0.016820
9.230000,0.077075,-0.063633,-0.029312,-0.012388,0.018761,0.021856
9.240000,0.063087,-0.027923,0.034109,0.004784,0.001372,-0.000624
9.250000,-0.025784,-0.015518,0.026069,-0.002194,-0.012481,0.008274
9.260000,-0.016106,-0.039588,0.032634,-0.009426,0.006530,0.000344
9.270000,-0.047595,0.035239,-0.020094,0.010950,-0.006856,-0.012763
9.280000,-0.048256,0.039683,-0.024580,-0.010115,-0.000215,-0.001554
9.290000,-0.012363,-0.101637,-0.061196,-0.012823,-0.005332,0.000786
9.300000,0.055276,0.006924,0.054873,0.007068,-0.000228,0.007016
9.310000,-0.007286,0.001393,0.080776,0.000422,0.000481,0.005003
9.320000,0.018895,0.079912,-0.025147,-0.011921,0.018868,0.000775
9.330000,-0.014778,-0.040714,0.025405,-0.000880,0.002491,0.011393
9.340000,-0.047240,0.082251,-0.083580,0.004159,0.006372,0.000889
9.350000,-0.002276,-0.031129,0.010926,-0.010810,-0.025957,0.008295
9.360000,-0.039955,0.009142,0.018315,0.010091,-0.011981,-0.013169
9.370000,0.025552,0.086404,-0.004311,-0.011707,-0.006412,-0.009546
9.380000,-0.015716,-0.011235,-0.074312,0.000762,0.001094,-0.000113
9.390000,0.046383,-0.050523,0.051247,-0.005892,-0.009784,-0.015516
9.400000,-0.045665,-0.084807,-0.121942,-0.006500,0.005536,-0.017020
9.410000,0.042492,0.062948,0.017374,-0.001510,-0.011399,-0.013829
9.420000,-0.052918,-0.060143,-0.024277,0.008851,0.011519,0.004204
9.430000,0.044227,-0.015146,-0.075030,-0.012677,0.007584,0.006659
9.440000,-0.045850,0.008444,0.059168,0.019228,-0.006084,0.003020
9.450000,0.030468,-0.043599,-0.002682,-0.009637,-0.019725,-0.019046
9.460000,0.049637,-0.003669,-0.081585,-0.000129,-0.008118,0.004514
9.470000,-0.035370,-0.163035,0.014275,0.005777,-0.000496,-0.016162
9.480000,0.064738,0.072944,-0.004116,-0.010505,0.001719,0.002725
9.490000,-0.045172,-0.011659,0.006484,0.002867,0.008034,-0.003042
9.500000,0.061379,0.017504,-0.084612,0.001466,0.004951,0.009049
9.510000,0.039498,-0.096219,0.008970,-0.000762,-0.001111,0.002451
9.520000,0.083371,-0.081997,-0.006724,-0.000160,-0.003353,-0.006974
9.530000,-0.003891,-0.000347,0.040573,-0.017806,0.004719,0.004018
9.540000,-0.034359,0.033221,-0.013866,0.002013,0.003476,-0.002283
9.550000,0.005930,-0.070513,0.053224,0.018085,0.008237,0.018816
9.560000,0.007731,0.029259,0.055934,-0.007214,-0.001169,-0.001169
9.570000,-0.014422,-0.012707,-0.089466,0.013909,-0.021257,0.005571
9.580000,0.008618,0.068375,-0.002927,0.001594,0.010449,-0.005593
9.590000,-0.041618,0.044228,-0.071861,-0.017366,0.018934,-0.000113
9.600000,-0.030564,-0.033649,0.044427,0.009557,-0.003075,0.011388
9.610000,0.011374,-0.029485,-0.025596,0.007746,0.012230,-0.003278
9.620000,0.008538,0.010021,0.007447,0.013550,0.005304,-0.018116
9.630000,-0.033439,0.053802,0.079829,0.013667,0.005818,-0.002935
9.640000,0.070782,0.061119,0.118916,-0.001275,-0.010024,0.001526
9.650000,-0.034930,-0.031802,-0.069522,0.005583,0.001188,0.002354
9.660000,-0.011807,-0.061917,0.066223,-0.005420,-0.009166,0.000373
9.670000,0.011176,-0.016276,-0.054264,0.002629,-0.004069,0.004769
9.680000,-0.063729,-0.025888,0.081315,0.008679,0.009780,-0.004839
9.690000,0.057533,0.038130,-0.108543,-0.016579,0.004357,-0.002844
9.700000,-0.004654,-0.012154,-0.034690,0.000267,-0.004801,0.016369
9.710000,0.002926,-0.044950,-0.026770,-0.004139,0.018750,0.007815
9.720000,-0.043226,-0.031772,-0.164829,0.010542,-0.001283,-0.008302
9.730000,0.003860,0.031424,-0.040061,0.007028,0.003457,-0.005019
9.740000,0.056067,-0.043383,-0.060976,0.007128,0.005896,-0.017204
9.750000,0.052613,-0.026328,0.011752,0.006210,0.009664,-0.015207
9.760000,-0.073078,-0.007877,-0.016065,0.019556,0.014032,-0.017174
9.770000,-0.018938,-0.018007,0.009314,-0.003576,-0.008926,-0.011857
9.780000,0.005847,0.025857,-0.099212,0.003146,0.001497,-0.009093
9.790000,0.075005,-0.010961,-0.026018,-0.007939,0.000121,0.004118
9.800000,0.017184,-0.009087,0.005833,-0.008252,0.000699,0.005530
9.810000,-0.018763,0.028592,-0.080434,0.009169,0.002952,0.001605
9.820000,0.011952,-0.025477,-0.090895,-0.002386,-0.004078,0.001791
9.830000,0.055228,-0.018833,0.050680,0.000957,0.004136,-0.007642
9.840000,0.036348,-0.036977,0.058285,0.006413,-0.015188,0.006827
9.850000,-0.011710,-0.033577,-0.049601,-0.002117,-0.011305,-0.011244
9.860000,-0.040047,0.018519,-0.036833,0.005495,0.001249,0.002065
9.870000,0.021417,-0.025625,0.047535,-0.001901,-0.004064,0.001201
9.880000,-0.019236,-0.009374,-0.006893,-0.000344,-0.007631,-0.016783
9.890000,0.009173,0.001839,-0.047851,-0.007015,0.001532,0.008269
9.900000,0.095199,0.032693,0.046297,-0.019990,-0.005034,0.002106
9.910000,0.058850,-0.010632,0.041307,0.001196,0.000506,-0.005279
9.920000,0.067510,0.071298,0.046811,-0.007810,0.004448,0.002262
9.930000,-0.011004,0.067449,-0.063903,-0.000781,0.019973,0.012137
9.940000,-0.032003,-0.115408,-0.012324,0.004901,0.009232,0.006462
9.950000,-0.020787,-0.023615,-0.010919,-0.002748,-0.011136,0.009636
9.960000,-0.054861,0.031267,-0.011121,-0.000148,0.009000,0.008183
9.970000,-0.016287,-0.067033,-0.051045,-0.015005,0.006275,0.017336
9.980000,-0.046875,0.023678,0.138069,-0.001785,0.003478,0.010408
9.990000,0.012018,0.039129,0.042799,-0.014628,-0.020348,-0.001541
